director,cast
Zack Snyder,"['Henry Cavill', 'Ben Affleck', 'Gal Gadot', 'Amy Adams']"
Florian Zeller,"['Anthony Hopkins', 'Olivia Colman', 'Mark Gatiss', 'Olivia Williams']"
Darius Marder,"['Riz Ahmed', 'Olivia Cooke', 'Paul Raci', 'Lauren Ridloff']"
Barry Levinson,"['Robert De Niro', 'Kevin Bacon', 'Brad Pitt', 'Jason Patric']"
"Directors:Anthony Russo, Joe Russo","['Robert Downey Jr.', 'Chris Evans', 'Mark Ruffalo', 'Chris Hemsworth']"
Aaron Sorkin,"['Eddie Redmayne', 'Alex Sharp', 'Sacha Baron Cohen', 'Jeremy Strong']"
Francis Ford Coppola,"['Marlon Brando', 'Al Pacino', 'James Caan', 'Diane Keaton']"
Thomas Vinterberg,"['Mads Mikkelsen', 'Thomas Bo Larsen', 'Magnus Millang', 'Lars Ranthe']"
Steven Spielberg,"['Tom Hanks', 'Matt Damon', 'Tom Sizemore', 'Edward Burns']"
David Yates,"['Daniel Radcliffe', 'Emma Watson', 'Rupert Grint', 'Michael Gambon']"
"Directors:Pete Docter, Kemp Powers","['Jamie Foxx', 'Tina Fey', 'Graham Norton', 'Rachel House']"
Quentin Tarantino,"['Leonardo DiCaprio', 'Brad Pitt', 'Margot Robbie', 'Emile Hirsch']"
Frank Darabont,"['Tim Robbins', 'Morgan Freeman', 'Bob Gunton', 'William Sadler']"
Bong Joon Ho,"['Kang-ho Song', 'Sun-kyun Lee', 'Yeo-jeong Cho', 'Woo-sik Choi']"
Christopher Nolan,"['Christian Bale', 'Heath Ledger', 'Aaron Eckhart', 'Michael Caine']"
Chris Columbus,"['Daniel Radcliffe', 'Rupert Grint', 'Richard Harris', 'Maggie Smith']"
James Cameron,"['Leonardo DiCaprio', 'Kate Winslet', 'Billy Zane', 'Kathy Bates']"
Rian Johnson,"['Daniel Craig', 'Chris Evans', 'Ana de Armas', 'Jamie Lee Curtis']"
Todd Phillips,"['Joaquin Phoenix', 'Robert De Niro', 'Zazie Beetz', 'Frances Conroy']"
"Directors:Anthony Russo, Joe Russo","['Robert Downey Jr.', 'Chris Hemsworth', 'Mark Ruffalo', 'Chris Evans']"
David Yates,"['Daniel Radcliffe', 'Emma Watson', 'Rupert Grint', 'Michael Gambon']"
Martin Scorsese,"['Leonardo DiCaprio', 'Jonah Hill', 'Margot Robbie', 'Matthew McConaughey']"
Quentin Tarantino,"['John Travolta', 'Uma Thurman', 'Samuel L. Jackson', 'Bruce Willis']"
Peter Jackson,"['Elijah Wood', 'Ian McKellen', 'Orlando Bloom', 'Sean Bean']"
Denis Villeneuve,"['Harrison Ford', 'Ryan Gosling', 'Ana de Armas', 'Dave Bautista']"
Christopher Nolan,"['Matthew McConaughey', 'Anne Hathaway', 'Jessica Chastain', 'Mackenzie Foy']"
Quentin Tarantino,"['Brad Pitt', 'Diane Kruger', 'Eli Roth', 'Mélanie Laurent']"
Guy Ritchie,"['Matthew McConaughey', 'Charlie Hunnam', 'Michelle Dockery', 'Jeremy Strong']"
Bradley Cooper,"['Lady Gaga', 'Bradley Cooper', 'Sam Elliott', 'Greg Grunberg']"
Christopher Nolan,"['Leonardo DiCaprio', 'Joseph Gordon-Levitt', 'Elliot Page', 'Ken Watanabe']"
Taika Waititi,"['Chris Hemsworth', 'Tom Hiddleston', 'Cate Blanchett', 'Mark Ruffalo']"
"Directors:Anthony Russo, Joe Russo","['Chris Evans', 'Robert Downey Jr.', 'Scarlett Johansson', 'Sebastian Stan']"
James Gunn,"['Chris Pratt', 'Vin Diesel', 'Bradley Cooper', 'Zoe Saldana']"
"Directors:Anthony Russo, Joe Russo","['Chris Evans', 'Samuel L. Jackson', 'Scarlett Johansson', 'Robert Redford']"
David Fincher,"['Michael Douglas', 'Deborah Kara Unger', 'Sean Penn', 'James Rebhorn']"
Zack Snyder,"['Jackie Earle Haley', 'Patrick Wilson', 'Carla Gugino', 'Malin Akerman']"
Bryan Singer,"['Rami Malek', 'Lucy Boynton', 'Gwilym Lee', 'Ben Hardy']"
Richard Donner,"['Sean Astin', 'Josh Brolin', 'Jeff Cohen', 'Corey Feldman']"
Taika Waititi,"['Roman Griffin Davis', 'Thomasin McKenzie', 'Scarlett Johansson', 'Taika Waititi']"
Ridley Scott,"['Sigourney Weaver', 'Tom Skerritt', 'John Hurt', 'Veronica Cartwright']"
Richard Linklater,"['Jason London', 'Wiley Wiggins', 'Matthew McConaughey', 'Rory Cochrane']"
Robert Zemeckis,"['Michael J. Fox', 'Christopher Lloyd', 'Lea Thompson', 'Crispin Glover']"
Martin Scorsese,"['Leonardo DiCaprio', 'Emily Mortimer', 'Mark Ruffalo', 'Ben Kingsley']"
Jonathan Demme,"['Jodie Foster', 'Anthony Hopkins', 'Lawrence A. Bonney', 'Kasi Lemmons']"
David Leitch,"['Ryan Reynolds', 'Josh Brolin', 'Morena Baccarin', 'Julian Dennison']"
Francis Ford Coppola,"['Al Pacino', 'Robert De Niro', 'Robert Duvall', 'Diane Keaton']"
"Directors:Lana Wachowski, Lilly Wachowski","['Keanu Reeves', 'Laurence Fishburne', 'Carrie-Anne Moss', 'Hugo Weaving']"
Robert Zemeckis,"['Tom Hanks', 'Robin Wright', 'Gary Sinise', 'Sally Field']"
David Fincher,"['Ben Affleck', 'Rosamund Pike', 'Neil Patrick Harris', 'Tyler Perry']"
Joss Whedon,"['Robert Downey Jr.', 'Chris Evans', 'Scarlett Johansson', 'Jeremy Renner']"
"Directors:Joel Coen, Ethan Coen","['William H. Macy', 'Frances McDormand', 'Steve Buscemi', 'Peter Stormare']"
Joe Wright,"['Keira Knightley', 'Matthew Macfadyen', 'Brenda Blethyn', 'Donald Sutherland']"
Steven Spielberg,"['Liam Neeson', 'Ralph Fiennes', 'Ben Kingsley', 'Caroline Goodall']"
James Gunn,"['Chris Pratt', 'Zoe Saldana', 'Dave Bautista', 'Vin Diesel']"
Frank Darabont,"['Tom Hanks', 'Michael Clarke Duncan', 'David Morse', 'Bonnie Hunt']"
Sam Mendes,"['Daniel Craig', 'Javier Bardem', 'Naomie Harris', 'Judi Dench']"
Sam Mendes,"['Dean-Charles Chapman', 'George MacKay', 'Daniel Mays', 'Colin Firth']"
David Fincher,"['Brad Pitt', 'Edward Norton', 'Meat Loaf', 'Zach Grenier']"
David Yates,"['Daniel Radcliffe', 'Emma Watson', 'Rupert Grint', 'Bill Nighy']"
Ridley Scott,"['Russell Crowe', 'Joaquin Phoenix', 'Connie Nielsen', 'Oliver Reed']"
Francis Ford Coppola,"['Martin Sheen', 'Marlon Brando', 'Robert Duvall', 'Frederic Forrest']"
Martin Scorsese,"['Robert De Niro', 'Ray Liotta', 'Joe Pesci', 'Lorraine Bracco']"
Peter Bogdanovich,"['Timothy Bottoms', 'Jeff Bridges', 'Cybill Shepherd', 'Ben Johnson']"
Martin Scorsese,"['Leonardo DiCaprio', 'Matt Damon', 'Jack Nicholson', 'Mark Wahlberg']"
"Directors:Ethan Coen, Joel Coen","['Tommy Lee Jones', 'Javier Bardem', 'Josh Brolin', 'Woody Harrelson']"
Tim Miller,"['Ryan Reynolds', 'Morena Baccarin', 'T.J. Miller', 'Ed Skrein']"
Christopher Nolan,"['Christian Bale', 'Hugh Jackman', 'Scarlett Johansson', 'Michael Caine']"
Quentin Tarantino,"['Jamie Foxx', 'Christoph Waltz', 'Leonardo DiCaprio', 'Kerry Washington']"
Jon Favreau,"['Robert Downey Jr.', 'Gwyneth Paltrow', 'Terrence Howard', 'Jeff Bridges']"
Christopher Nolan,"['Christian Bale', 'Tom Hardy', 'Anne Hathaway', 'Gary Oldman']"
Peter Farrelly,"['Viggo Mortensen', 'Mahershala Ali', 'Linda Cardellini', 'Sebastian Maniscalco']"
James Cameron,"['Sam Worthington', 'Zoe Saldana', 'Sigourney Weaver', 'Michelle Rodriguez']"
Mary Harron,"['Christian Bale', 'Justin Theroux', 'Josh Lucas', 'Bill Sage']"
Greta Gerwig,"['Saoirse Ronan', 'Emma Watson', 'Florence Pugh', 'Eliza Scanlen']"
Steven Spielberg,"['Sam Neill', 'Laura Dern', 'Jeff Goldblum', 'Richard Attenborough']"
George Miller,"['Tom Hardy', 'Charlize Theron', 'Nicholas Hoult', 'Zoë Kravitz']"
Sam Mendes,"['Kevin Spacey', 'Annette Bening', 'Thora Birch', 'Wes Bentley']"
"Directors:Joel Coen, Ethan Coen","['Jeff Bridges', 'John Goodman', 'Julianne Moore', 'Steve Buscemi']"
Luc Besson,"['Bruce Willis', 'Milla Jovovich', 'Gary Oldman', 'Ian Holm']"
Jordan Peele,"['Daniel Kaluuya', 'Allison Williams', 'Bradley Whitford', 'Catherine Keener']"
Luc Besson,"['Jean Reno', 'Gary Oldman', 'Natalie Portman', 'Danny Aiello']"
Wes Anderson,"['Ralph Fiennes', 'F. Murray Abraham', 'Mathieu Amalric', 'Adrien Brody']"
Thomas Kail,"['Lin-Manuel Miranda', 'Phillipa Soo', 'Leslie Odom Jr.', 'Renée Elise Goldsberry']"
Matthew Vaughn,"['Charlie Cox', 'Claire Danes', 'Sienna Miller', 'Ian McKellen']"
David Fincher,"['Morgan Freeman', 'Brad Pitt', 'Kevin Spacey', 'Andrew Kevin Walker']"
James Mangold,"['Hugh Jackman', 'Patrick Stewart', 'Dafne Keen', 'Boyd Holbrook']"
Bennett Miller,"['Brad Pitt', 'Robin Wright', 'Jonah Hill', 'Philip Seymour Hoffman']"
Peter Jackson,"['Elijah Wood', 'Viggo Mortensen', 'Ian McKellen', 'Orlando Bloom']"
Darren Aronofsky,"['Ellen Burstyn', 'Jared Leto', 'Jennifer Connelly', 'Marlon Wayans']"
Roman Polanski,"['Adrien Brody', 'Thomas Kretschmann', 'Frank Finlay', 'Emilia Fox']"
Richard Curtis,"['Domhnall Gleeson', 'Rachel McAdams', 'Bill Nighy', 'Lydia Wilson']"
James Cameron,"['Sigourney Weaver', 'Michael Biehn', 'Carrie Henn', 'Paul Reiser']"
Damien Chazelle,"['Miles Teller', 'J.K. Simmons', 'Melissa Benoist', 'Paul Reiser']"
James Mangold,"['Matt Damon', 'Christian Bale', 'Jon Bernthal', 'Caitriona Balfe']"
Luca Guadagnino,"['Armie Hammer', 'Timothée Chalamet', 'Michael Stuhlbarg', 'Amira Casar']"
Francis Ford Coppola,"['Al Pacino', 'Diane Keaton', 'Andy Garcia', 'Talia Shire']"
Zack Snyder,"['Gerard Butler', 'Lena Headey', 'David Wenham', 'Dominic West']"
Christopher Nolan,"['Fionn Whitehead', 'Barry Keoghan', 'Mark Rylance', 'Tom Hardy']"
Rob Reiner,"['Cary Elwes', 'Mandy Patinkin', 'Robin Wright', 'Chris Sarandon']"
Michael Mann,"['Al Pacino', 'Robert De Niro', 'Val Kilmer', 'Jon Voight']"
Ang Lee,"['Jake Gyllenhaal', 'Heath Ledger', 'Michelle Williams', 'Randy Quaid']"
Mel Gibson,"['Mel Gibson', 'Sophie Marceau', 'Patrick McGoohan', 'Angus Macfadyen']"
Mike Newell,"['Daniel Radcliffe', 'Emma Watson', 'Rupert Grint', 'Eric Sykes']"
Martin Scorsese,"['Robert De Niro', 'Jodie Foster', 'Cybill Shepherd', 'Albert Brooks']"
Peter Jackson,"['Martin Freeman', 'Ian McKellen', 'Richard Armitage', 'Andy Serkis']"
Christopher Nolan,"['Christian Bale', 'Michael Caine', 'Ken Watanabe', 'Liam Neeson']"
Mel Gibson,"['Andrew Garfield', 'Sam Worthington', 'Luke Bracey', 'Teresa Palmer']"
Denis Villeneuve,"['Hugh Jackman', 'Jake Gyllenhaal', 'Viola Davis', 'Melissa Leo']"
"Directors:Andrew Adamson, Vicky Jenson","['Mike Myers', 'Eddie Murphy', 'Cameron Diaz', 'John Lithgow']"
Matt Ross,"['Viggo Mortensen', 'George MacKay', 'Samantha Isler', 'Annalise Basso']"
Stanley Kubrick,"['Malcolm McDowell', 'Patrick Magee', 'Michael Bates', 'Warren Clarke']"
David Mickey Evans,"['Tom Guiry', 'Mike Vitar', 'Art LaFleur', 'Patrick Renna']"
Ridley Scott,"['Matt Damon', 'Jessica Chastain', 'Kristen Wiig', 'Kate Mara']"
David Fincher,"['Jesse Eisenberg', 'Andrew Garfield', 'Justin Timberlake', 'Rooney Mara']"
Martin Scorsese,"['Robert De Niro', 'Al Pacino', 'Joe Pesci', 'Harvey Keitel']"
Ridley Scott,"['Harrison Ford', 'Rutger Hauer', 'Sean Young', 'Edward James Olmos']"
"Directors:Bob Persichetti, Peter Ramsey, Rodney Rothman","['Shameik Moore', 'Jake Johnson', 'Hailee Steinfeld', 'Mahershala Ali']"
"Directors:George P. Cosmatos, Kevin Jarre","['Kurt Russell', 'Val Kilmer', 'Sam Elliott', 'Bill Paxton']"
Denis Villeneuve,"['Amy Adams', 'Jeremy Renner', 'Forest Whitaker', 'Michael Stuhlbarg']"
Gore Verbinski,"['Johnny Depp', 'Geoffrey Rush', 'Orlando Bloom', 'Keira Knightley']"
Ron Howard,"['Daniel Brühl', 'Chris Hemsworth', 'Olivia Wilde', 'Alexandra Maria Lara']"
Martin McDonagh,"['Frances McDormand', 'Woody Harrelson', 'Sam Rockwell', 'Caleb Landry Jones']"
"Directors:Ron Clements, John Musker, Don Hall, Chris Williams","[""Auli'i Cravalho"", 'Dwayne Johnson', 'Rachel House', 'Temuera Morrison']"
Gareth Edwards,"['Felicity Jones', 'Diego Luna', 'Alan Tudyk', 'Donnie Yen']"
Edgar Wright,"['Ansel Elgort', 'Jon Bernthal', 'Jon Hamm', 'Eiza González']"
Christopher McQuarrie,"['Tom Cruise', 'Henry Cavill', 'Ving Rhames', 'Simon Pegg']"
Nicolas Winding Refn,"['Ryan Gosling', 'Carey Mulligan', 'Bryan Cranston', 'Albert Brooks']"
Matthew Vaughn,"['Colin Firth', 'Taron Egerton', 'Samuel L. Jackson', 'Michael Caine']"
Chris Columbus,"['Macaulay Culkin', 'Joe Pesci', 'Daniel Stern', 'John Heard']"
Sidney Lumet,"['Henry Fonda', 'Lee J. Cobb', 'Martin Balsam', 'John Fiedler']"
Stanley Kubrick,"['Jack Nicholson', 'Shelley Duvall', 'Danny Lloyd', 'Scatman Crothers']"
George Cukor,"['Audrey Hepburn', 'Rex Harrison', 'Stanley Holloway', 'Wilfrid Hyde-White']"
Thomas Vinterberg,"['Mads Mikkelsen', 'Thomas Bo Larsen', 'Annika Wedderkopp', 'Lasse Fogelstrøm']"
Brian De Palma,"['Al Pacino', 'Michelle Pfeiffer', 'Steven Bauer', 'Mary Elizabeth Mastrantonio']"
Gus Van Sant,"['Robin Williams', 'Matt Damon', 'Ben Affleck', 'Stellan Skarsgård']"
Darren Aronofsky,"['Natalie Portman', 'Mila Kunis', 'Vincent Cassel', 'Winona Ryder']"
George Lucas,"['Mark Hamill', 'Harrison Ford', 'Carrie Fisher', 'Alec Guinness']"
Rob Reiner,"['Wil Wheaton', 'River Phoenix', 'Corey Feldman', ""Jerry O'Connell""]"
Kevin Reynolds,"['Jim Caviezel', 'Guy Pearce', 'Christopher Adamson', 'JB Blanc']"
Peter Jackson,"['Elijah Wood', 'Ian McKellen', 'Viggo Mortensen', 'Orlando Bloom']"
Guy Ritchie,"['Jason Statham', 'Brad Pitt', 'Benicio Del Toro', 'Dennis Farina']"
Ivan Reitman,"['Bill Murray', 'Dan Aykroyd', 'Sigourney Weaver', 'Harold Ramis']"
"Directors:Roger Allers, Rob Minkoff","['Matthew Broderick', 'Jeremy Irons', 'James Earl Jones', 'Whoopi Goldberg']"
Sean Penn,"['Emile Hirsch', 'Vince Vaughn', 'Catherine Keener', 'Marcia Gay Harden']"
Steven Spielberg,"['Harrison Ford', 'Karen Allen', 'Paul Freeman', 'John Rhys-Davies']"
Richard Kelly,"['Jake Gyllenhaal', 'Jena Malone', 'Mary McDonnell', 'Holmes Osborne']"
Hayao Miyazaki,"['Daveigh Chase', 'Suzanne Pleshette', 'Miyu Irino', 'Rumi Hiiragi']"
Michel Gondry,"['Jim Carrey', 'Kate Winslet', 'Tom Wilkinson', 'Gerry Robert Byrne']"
Paul Thomas Anderson,"['Mark Wahlberg', 'Julianne Moore', 'Burt Reynolds', 'Luis Guzmán']"
John G. Avildsen,"['Sylvester Stallone', 'Talia Shire', 'Burt Young', 'Carl Weathers']"
Edgar Wright,"['Simon Pegg', 'Nick Frost', 'Martin Freeman', 'Bill Nighy']"
Paul Thomas Anderson,"['Daniel Day-Lewis', 'Paul Dano', 'Ciarán Hinds', 'Martin Stringer']"
Milos Forman,"['Jack Nicholson', 'Louise Fletcher', 'Michael Berryman', 'Peter Brocco']"
Tate Taylor,"['Emma Stone', 'Viola Davis', 'Octavia Spencer', 'Bryce Dallas Howard']"
Orson Welles,"['Orson Welles', 'Joseph Cotten', 'Dorothy Comingore', 'Agnes Moorehead']"
"Directors:Byron Howard, Rich Moore, Jared Bush","['Ginnifer Goodwin', 'Jason Bateman', 'Idris Elba', 'Jenny Slate']"
Adam McKay,"['Christian Bale', 'Steve Carell', 'Ryan Gosling', 'Brad Pitt']"
John Hughes,"['Matthew Broderick', 'Alan Ruck', 'Mia Sara', 'Jeffrey Jones']"
John Hughes,"['Emilio Estevez', 'Judd Nelson', 'Molly Ringwald', 'Ally Sheedy']"
Céline Sciamma,"['Noémie Merlant', 'Adèle Haenel', 'Luàna Bajrami', 'Valeria Golino']"
Robert Zemeckis,"['Tom Hanks', 'Helen Hunt', 'Paul Sanchez', 'Lari White']"
Sergio Leone,"['Clint Eastwood', 'Eli Wallach', 'Lee Van Cleef', 'Aldo Giuffrè']"
Alfonso Cuarón,"['Daniel Radcliffe', 'Emma Watson', 'Rupert Grint', 'Richard Griffiths']"
Cecil B. DeMille,"['Charlton Heston', 'Yul Brynner', 'Anne Baxter', 'Edward G. Robinson']"
Bryan Singer,"['Kevin Spacey', 'Gabriel Byrne', 'Chazz Palminteri', 'Stephen Baldwin']"
"Directors:Olivier Nakache, Éric Toledano","['François Cluzet', 'Omar Sy', 'Anne Le Ny', 'Audrey Fleurot']"
Cameron Crowe,"['Billy Crudup', 'Patrick Fugit', 'Kate Hudson', 'Frances McDormand']"
David Fincher,"['Jake Gyllenhaal', 'Robert Downey Jr.', 'Mark Ruffalo', 'Anthony Edwards']"
Peter Weir,"['Jim Carrey', 'Ed Harris', 'Laura Linney', 'Noah Emmerich']"
Christopher Nolan,"['Guy Pearce', 'Carrie-Anne Moss', 'Joe Pantoliano', 'Mark Boone Junior']"
Jonathan Lynn,"['Joe Pesci', 'Marisa Tomei', 'Ralph Macchio', 'Mitchell Whitfield']"
David Fincher,"['Daniel Craig', 'Rooney Mara', 'Christopher Plummer', 'Stellan Skarsgård']"
Wes Anderson,"['Jared Gilman', 'Kara Hayward', 'Bruce Willis', 'Bill Murray']"
Nick Cassavetes,"['Gena Rowlands', 'James Garner', 'Rachel McAdams', 'Ryan Gosling']"
Steve McQueen,"['Chiwetel Ejiofor', 'Michael Kenneth Williams', 'Michael Fassbender', 'Brad Pitt']"
Damien Chazelle,"['Ryan Gosling', 'Emma Stone', 'Rosemarie DeWitt', 'J.K. Simmons']"
Quentin Tarantino,"['Samuel L. Jackson', 'Kurt Russell', 'Jennifer Jason Leigh', 'Walton Goggins']"
Quentin Tarantino,"['Harvey Keitel', 'Tim Roth', 'Michael Madsen', 'Chris Penn']"
Marc Webb,"['Chris Evans', 'Mckenna Grace', 'Lindsay Duncan', 'Octavia Spencer']"
Brad Bird,"['Craig T. Nelson', 'Samuel L. Jackson', 'Holly Hunter', 'Jason Lee']"
Quentin Tarantino,"['Uma Thurman', 'David Carradine', 'Daryl Hannah', 'Michael Madsen']"
Tom McCarthy,"['Mark Ruffalo', 'Michael Keaton', 'Rachel McAdams', 'Liev Schreiber']"
Denis Villeneuve,"['Emily Blunt', 'Josh Brolin', 'Benicio Del Toro', 'Jon Bernthal']"
Tony Scott,"['Christian Slater', 'Patricia Arquette', 'Dennis Hopper', 'Val Kilmer']"
Tony Kaye,"['Edward Norton', 'Edward Furlong', ""Beverly D'Angelo"", 'Jennifer Lien']"
Spike Jonze,"['Joaquin Phoenix', 'Amy Adams', 'Scarlett Johansson', 'Rooney Mara']"
Kevin Costner,"['Kevin Costner', 'Mary McDonnell', 'Graham Greene', 'Rodney A. Grant']"
Alex Garland,"['Alicia Vikander', 'Domhnall Gleeson', 'Oscar Isaac', 'Sonoya Mizuno']"
Chan-wook Park,"['Choi Min-sik', 'Yoo Ji-Tae', 'Kang Hye-jeong', 'Kim Byeong-Ok']"
Ben Affleck,"['Ben Affleck', 'Bryan Cranston', 'John Goodman', 'Alan Arkin']"
"Directors:Fernando Meirelles, Kátia Lund","['Alexandre Rodrigues', 'Leandro Firmino', 'Matheus Nachtergaele', 'Phellipe Haagensen']"
Oliver Stone,"['Charlie Sheen', 'Tom Berenger', 'Willem Dafoe', 'Keith David']"
David Lynch,"['Naomi Watts', 'Laura Harring', 'Justin Theroux', 'Jeanne Bates']"
J.J. Abrams,"['Daisy Ridley', 'John Boyega', 'Oscar Isaac', 'Domhnall Gleeson']"
Gregory Hoblit,"['Richard Gere', 'Laura Linney', 'Edward Norton', 'John Mahoney']"
James Cameron,"['Arnold Schwarzenegger', 'Linda Hamilton', 'Edward Furlong', 'Robert Patrick']"
Joe Wright,"['Keira Knightley', 'James McAvoy', 'Brenda Blethyn', 'Saoirse Ronan']"
Brian De Palma,"['Al Pacino', 'Sean Penn', 'Penelope Ann Miller', 'John Leguizamo']"
Lenny Abrahamson,"['Brie Larson', 'Jacob Tremblay', 'Sean Bridgers', 'Wendy Crewson']"
Danny Boyle,"['Ewan McGregor', 'Ewen Bremner', 'Jonny Lee Miller', 'Kevin McKidd']"
Mel Gibson,"['Gerardo Taracena', 'Raoul Max Trujillo', 'Dalia Hernández', 'Rudy Youngblood']"
Taylor Sheridan,"['Elizabeth Olsen', 'Jeremy Renner', 'Graham Greene', 'Kelsey Asbille']"
Stanley Kubrick,"['Keir Dullea', 'Gary Lockwood', 'William Sylvester', 'Daniel Richter']"
James Cameron,"['Arnold Schwarzenegger', 'Linda Hamilton', 'Michael Biehn', 'Paul Winfield']"
Antoine Fuqua,"['Denzel Washington', 'Ethan Hawke', 'Scott Glenn', 'Tom Berenger']"
Stephen Chbosky,"['Logan Lerman', 'Emma Watson', 'Ezra Miller', 'Paul Rudd']"
Dan Gilroy,"['Jake Gyllenhaal', 'Rene Russo', 'Bill Paxton', 'Riz Ahmed']"
Alejandro G. Iñárritu,"['Leonardo DiCaprio', 'Tom Hardy', 'Will Poulter', 'Domhnall Gleeson']"
Martin Campbell,"['Daniel Craig', 'Eva Green', 'Judi Dench', 'Jeffrey Wright']"
Steven Spielberg,"['Roy Scheider', 'Robert Shaw', 'Richard Dreyfuss', 'Lorraine Gary']"
Roberto Benigni,"['Roberto Benigni', 'Nicoletta Braschi', 'Giorgio Cantarini', 'Giustino Durano']"
Elem Klimov,"['Aleksey Kravchenko', 'Olga Mironova', 'Liubomiras Laucevicius', 'Vladas Bagdonas']"
Stanley Kubrick,"['Matthew Modine', 'R. Lee Ermey', ""Vincent D'Onofrio"", 'Adam Baldwin']"
Makoto Shinkai,"['Ryûnosuke Kamiki', 'Mone Kamishiraishi', 'Ryô Narita', 'Aoi Yûki']"
Steven Spielberg,"['Leonardo DiCaprio', 'Tom Hanks', 'Christopher Walken', 'Martin Sheen']"
Ron Howard,"['Russell Crowe', 'Ed Harris', 'Jennifer Connelly', 'Christopher Plummer']"
Todd Phillips,"['Zach Galifianakis', 'Bradley Cooper', 'Justin Bartha', 'Ed Helms']"
Theodore Melfi,"['Taraji P. Henson', 'Octavia Spencer', 'Janelle Monáe', 'Kevin Costner']"
Matthew Vaughn,"['James McAvoy', 'Michael Fassbender', 'Jennifer Lawrence', 'Kevin Bacon']"
Chan-wook Park,"['Kim Min-hee', 'Jung-woo Ha', 'Cho Jin-woong', 'Moon So-ri']"
Norman Jewison,"['Sidney Poitier', 'Rod Steiger', 'Warren Oates', 'Lee Grant']"
James McTeigue,"['Hugo Weaving', 'Natalie Portman', 'Rupert Graves', 'Stephen Rea']"
"Directors:Lee Unkrich, Adrian Molina","['Anthony Gonzalez', 'Gael García Bernal', 'Benjamin Bratt', 'Alanna Ubach']"
David O. Russell,"['Bradley Cooper', 'Jennifer Lawrence', 'Robert De Niro', 'Jacki Weaver']"
Hayao Miyazaki,"['Chieko Baishô', 'Takuya Kimura', 'Tatsuya Gashûin', 'Akihiro Miwa']"
Sergio Leone,"['Robert De Niro', 'James Woods', 'Elizabeth McGovern', 'Treat Williams']"
John McTiernan,"['Bruce Willis', 'Alan Rickman', 'Bonnie Bedelia', 'Reginald VelJohnson']"
Jim Sheridan,"['Daniel Day-Lewis', 'Pete Postlethwaite', 'Alison Crosbie', 'Philip King']"
Peter Jackson,"['Ian McKellen', 'Martin Freeman', 'Richard Armitage', 'Ken Stott']"
John McTiernan,"['Arnold Schwarzenegger', 'Carl Weathers', 'Kevin Peter Hall', 'Elpidia Carrillo']"
Curtis Hanson,"['Kevin Spacey', 'Russell Crowe', 'Guy Pearce', 'Kim Basinger']"
"Directors:Frank Miller, Quentin Tarantino, Robert Rodriguez","['Mickey Rourke', 'Clive Owen', 'Bruce Willis', 'Jessica Alba']"
Martin Scorsese,"['Robert De Niro', 'Sharon Stone', 'Joe Pesci', 'James Woods']"
"Directors:Tyler Nilson, Michael Schwartz","['Zack Gottsagen', 'Ann Owens', 'Dakota Johnson', 'Bruce Dern']"
Stanley Kramer,"['Spencer Tracy', 'Burt Lancaster', 'Richard Widmark', 'Marlene Dietrich']"
"Directors:Jim Abrahams, David Zucker, Jerry Zucker","['Robert Hays', 'Julie Hagerty', 'Leslie Nielsen', 'Kareem Abdul-Jabbar']"
Gavin O'Connor,"['Tom Hardy', 'Nick Nolte', 'Joel Edgerton', 'Jennifer Morrison']"
Danny Boyle,"['Cillian Murphy', 'Naomie Harris', 'Christopher Eccleston', 'Alex Palmer']"
John Lasseter,"['Tom Hanks', 'Tim Allen', 'Don Rickles', 'Jim Varney']"
Oriol Paulo,"['Mario Casas', 'Ana Wagener', 'Jose Coronado', 'Bárbara Lennie']"
Robert Wise,"['Julie Andrews', 'Christopher Plummer', 'Eleanor Parker', 'Richard Haydn']"
Morten Tyldum,"['Benedict Cumberbatch', 'Keira Knightley', 'Matthew Goode', 'Allen Leech']"
F. Gary Gray,"[""O'Shea Jackson Jr."", 'Corey Hawkins', 'Jason Mitchell', 'Neil Brown Jr.']"
Tim Burton,"['Ewan McGregor', 'Albert Finney', 'Billy Crudup', 'Jessica Lange']"
Edgar Wright,"['Simon Pegg', 'Nick Frost', 'Kate Ashfield', 'Lucy Davis']"
Guillermo del Toro,"['Ivana Baquero', 'Ariadna Gil', 'Sergi López', 'Maribel Verdú']"
Steven Spielberg,"['Henry Thomas', 'Drew Barrymore', 'Peter Coyote', 'Dee Wallace']"
"Directors:Pete Docter, Ronnie Del Carmen","['Amy Poehler', 'Bill Hader', 'Lewis Black', 'Mindy Kaling']"
Bryan Singer,"['Patrick Stewart', 'Ian McKellen', 'Hugh Jackman', 'James McAvoy']"
Peter Weir,"['Robin Williams', 'Robert Sean Leonard', 'Ethan Hawke', 'Josh Charles']"
Steven Spielberg,"['Tom Cruise', 'Colin Farrell', 'Samantha Morton', 'Max von Sydow']"
Doug Liman,"['Tom Cruise', 'Emily Blunt', 'Bill Paxton', 'Brendan Gleeson']"
Alfred Hitchcock,"['Anthony Perkins', 'Janet Leigh', 'Vera Miles', 'John Gavin']"
M. Night Shyamalan,"['Bruce Willis', 'Haley Joel Osment', 'Toni Collette', 'Olivia Williams']"
"Directors:Brad Bird, Jan Pinkava","['Brad Garrett', 'Lou Romano', 'Patton Oswalt', 'Ian Holm']"
William Friedkin,"['Ellen Burstyn', 'Max von Sydow', 'Linda Blair', 'Lee J. Cobb']"
Mike Judge,"['Ron Livingston', 'Jennifer Aniston', 'David Herman', 'Ajay Naidu']"
David Fincher,"['Brad Pitt', 'Cate Blanchett', 'Tilda Swinton', 'Julia Ormond']"
Josh Cooley,"['Tom Hanks', 'Tim Allen', 'Annie Potts', 'Tony Hale']"
Matthew Vaughn,"['Aaron Taylor-Johnson', 'Nicolas Cage', 'Chloë Grace Moretz', 'Garrett M. Brown']"
"Directors:Andrew Stanton, Lee Unkrich","['Albert Brooks', 'Ellen DeGeneres', 'Alexander Gould', 'Willem Dafoe']"
"Directors:Nathan Greno, Byron Howard","['Mandy Moore', 'Zachary Levi', 'Donna Murphy', 'Ron Perlman']"
J.J. Abrams,"['Chris Pine', 'Zachary Quinto', 'Simon Pegg', 'Leonard Nimoy']"
Clint Eastwood,"['Clint Eastwood', 'Gene Hackman', 'Morgan Freeman', 'Richard Harris']"
Doug Liman,"['Franka Potente', 'Matt Damon', 'Chris Cooper', 'Clive Owen']"
Sofia Coppola,"['Bill Murray', 'Scarlett Johansson', 'Giovanni Ribisi', 'Anna Faris']"
Guy Ritchie,"['Robert Downey Jr.', 'Jude Law', 'Rachel McAdams', 'Mark Strong']"
Ridley Scott,"['Denzel Washington', 'Russell Crowe', 'Chiwetel Ejiofor', 'Josh Brolin']"
Ang Lee,"['Emma Thompson', 'Kate Winslet', 'James Fleet', 'Tom Wilkinson']"
Alfonso Cuarón,"['Julianne Moore', 'Clive Owen', 'Chiwetel Ejiofor', 'Michael Caine']"
Irvin Kershner,"['Mark Hamill', 'Harrison Ford', 'Carrie Fisher', 'Billy Dee Williams']"
Noah Baumbach,"['Adam Driver', 'Scarlett Johansson', 'Julia Greer', 'Azhy Robertson']"
"Directors:Jonathan Dayton, Valerie Faris","['Steve Carell', 'Toni Collette', 'Greg Kinnear', 'Abigail Breslin']"
James Wan,"['Cary Elwes', 'Leigh Whannell', 'Danny Glover', 'Ken Leung']"
Taika Waititi,"['Sam Neill', 'Julian Dennison', 'Rima Te Wiata', 'Rachel House']"
Richard Marquand,"['Mark Hamill', 'Harrison Ford', 'Carrie Fisher', 'Billy Dee Williams']"
Ron Howard,"['Tom Hanks', 'Bill Paxton', 'Kevin Bacon', 'Gary Sinise']"
Jean-Marc Vallée,"['Matthew McConaughey', 'Jennifer Garner', 'Jared Leto', 'Steve Zahn']"
"Directors:Victor Fleming, George Cukor, Sam Wood","['Clark Gable', 'Vivien Leigh', 'Thomas Mitchell', ""Barbara O'Neil""]"
Michael Cimino,"['Robert De Niro', 'Christopher Walken', 'John Cazale', 'John Savage']"
Ted Kotcheff,"['Sylvester Stallone', 'Brian Dennehy', 'Richard Crenna', 'Bill McKinney']"
Spike Lee,"['Denzel Washington', 'Clive Owen', 'Jodie Foster', 'Christopher Plummer']"
Alejandro G. Iñárritu,"['Michael Keaton', 'Zach Galifianakis', 'Edward Norton', 'Andrea Riseborough']"
John Boorman,"['Jon Voight', 'Burt Reynolds', 'Ned Beatty', 'Ronny Cox']"
Michael Curtiz,"['Humphrey Bogart', 'Ingrid Bergman', 'Paul Henreid', 'Claude Rains']"
Todd Haynes,"['Mark Ruffalo', 'Anne Hathaway', 'Tim Robbins', 'Bill Pullman']"
Steven Soderbergh,"['George Clooney', 'Brad Pitt', 'Julia Roberts', 'Matt Damon']"
Bong Joon Ho,"['Kang-ho Song', 'Kim Sang-kyung', 'Roe-ha Kim', 'Jae-ho Song']"
"Directors:Ethan Coen, Joel Coen","['Jeff Bridges', 'Matt Damon', 'Hailee Steinfeld', 'Josh Brolin']"
Barry Levinson,"['Dustin Hoffman', 'Tom Cruise', 'Valeria Golino', 'Gerald R. Molen']"
Stephen Chbosky,"['Jacob Tremblay', 'Owen Wilson', 'Izabela Vidovic', 'Julia Roberts']"
Paul Haggis,"['Don Cheadle', 'Sandra Bullock', 'Thandiwe Newton', 'Karina Arroyave']"
Walter Hill,"['Michael Beck', 'James Remar', 'Dorsey Wright', 'Brian Tyler']"
William Wyler,"['Charlton Heston', 'Jack Hawkins', 'Stephen Boyd', 'Haya Harareet']"
John Landis,"['John Belushi', 'Dan Aykroyd', 'Cab Calloway', 'John Candy']"
"Directors:Victor Fleming, George Cukor, Mervyn LeRoy, Norman Taurog, Richard Thorpe, King Vidor","['Judy Garland', 'Frank Morgan', 'Ray Bolger', 'Bert Lahr']"
John Carpenter,"['Kurt Russell', 'Wilford Brimley', 'Keith David', 'Richard Masur']"
Ridley Scott,"['Josh Hartnett', 'Ewan McGregor', 'Tom Sizemore', 'Eric Bana']"
Guy Ritchie,"['Jason Flemyng', 'Dexter Fletcher', 'Nick Moran', 'Jason Statham']"
Terry Gilliam,"['Johnny Depp', 'Benicio Del Toro', 'Tobey Maguire', 'Michael Lee Gogin']"
"Directors:Pete Docter, Bob Peterson","['Edward Asner', 'Jordan Nagai', 'John Ratzenberger', 'Christopher Plummer']"
Michael Mann,"['Daniel Day-Lewis', 'Madeleine Stowe', 'Russell Means', 'Eric Schweig']"
Abdellatif Kechiche,"['Léa Seydoux', 'Adèle Exarchopoulos', 'Salim Kechiouche', 'Aurélien Recoing']"
John Lee Hancock,"['Quinton Aaron', 'Sandra Bullock', 'Tim McGraw', 'Jae Head']"
"Directors:Jemaine Clement, Taika Waititi","['Jemaine Clement', 'Taika Waititi', 'Cori Gonzalez-Macuer', 'Jonny Brugh']"
Quentin Tarantino,"['Uma Thurman', 'David Carradine', 'Michael Madsen', 'Daryl Hannah']"
Robert Zemeckis,"['Michael J. Fox', 'Christopher Lloyd', 'Lea Thompson', 'Thomas F. Wilson']"
Kenneth Lonergan,"['Casey Affleck', 'Michelle Williams', 'Kyle Chandler', 'Lucas Hedges']"
Milos Forman,"['F. Murray Abraham', 'Tom Hulce', 'Elizabeth Berridge', 'Roy Dotrice']"
Ben Affleck,"['Morgan Freeman', 'Ed Harris', 'Casey Affleck', 'Michelle Monaghan']"
"Directors:Pete Docter, David Silverman, Lee Unkrich","['Billy Crystal', 'John Goodman', 'Mary Gibbs', 'Steve Buscemi']"
Sergio Leone,"['Henry Fonda', 'Charles Bronson', 'Claudia Cardinale', 'Jason Robards']"
Woody Allen,"['Owen Wilson', 'Rachel McAdams', 'Kathy Bates', 'Kurt Fuller']"
Nadine Labaki,"['Zain Al Rafeea', 'Yordanos Shiferaw', 'Boluwatife Treasure Bankole', 'Kawsar Al Haddad']"
Pierre Morel,"['Liam Neeson', 'Maggie Grace', 'Famke Janssen', 'Leland Orser']"
Clint Eastwood,"['Sean Penn', 'Tim Robbins', 'Kevin Bacon', 'Emmy Rossum']"
"Directors:Tony Bancroft, Barry Cook","['Ming-Na Wen', 'Eddie Murphy', 'BD Wong', 'Miguel Ferrer']"
Florian Henckel von Donnersmarck,"['Ulrich Mühe', 'Martina Gedeck', 'Sebastian Koch', 'Ulrich Tukur']"
Richard Donner,"['Mel Gibson', 'Danny Glover', 'Gary Busey', 'Mitchell Ryan']"
Fred Zinnemann,"['Paul Scofield', 'Wendy Hiller', 'Robert Shaw', 'Leo McKern']"
Blake Edwards,"['Audrey Hepburn', 'George Peppard', 'Patricia Neal', 'Buddy Ebsen']"
Boaz Yakin,"['Denzel Washington', 'Will Patton', 'Wood Harris', 'Ryan Hurst']"
Akira Kurosawa,"['Toshirô Mifune', 'Takashi Shimura', 'Keiko Tsushima', 'Yukiko Shimazaki']"
"Directors:Dean DeBlois, Chris Sanders","['Jay Baruchel', 'Gerard Butler', 'Christopher Mintz-Plasse', 'Craig Ferguson']"
Tom Hooper,"['Colin Firth', 'Geoffrey Rush', 'Helena Bonham Carter', 'Derek Jacobi']"
Jean-Pierre Jeunet,"['Audrey Tautou', 'Mathieu Kassovitz', 'Rufus', 'Lorella Cravotta']"
"Directors:Don Hall, Chris Williams","['Ryan Potter', 'Scott Adsit', 'Jamie Chung', 'T.J. Miller']"
Alfred Hitchcock,"['James Stewart', 'Grace Kelly', 'Wendell Corey', 'Thelma Ritter']"
Steven Spielberg,"['Harrison Ford', 'Sean Connery', 'Alison Doody', 'Denholm Elliott']"
Joss Whedon,"['Nathan Fillion', 'Gina Torres', 'Chiwetel Ejiofor', 'Alan Tudyk']"
Lasse Hallström,"['Johnny Depp', 'Leonardo DiCaprio', 'Juliette Lewis', 'Mary Steenburgen']"
John Huston,"['Humphrey Bogart', 'Edward G. Robinson', 'Lauren Bacall', 'Lionel Barrymore']"
Roman Polanski,"['Jack Nicholson', 'Faye Dunaway', 'John Huston', 'Perry Lopez']"
Brad Bird,"['Craig T. Nelson', 'Holly Hunter', 'Sarah Vowell', 'Huck Milner']"
Terrence Malick,"['Jim Caviezel', 'Sean Penn', 'Nick Nolte', 'Kirk Acevedo']"
"Directors:Joel Coen, Ethan Coen","['George Clooney', 'John Turturro', 'Tim Blake Nelson', 'John Goodman']"
Clint Eastwood,"['Clint Eastwood', 'Bee Vang', 'Christopher Carley', 'Ahney Her']"
John Sturges,"['Yul Brynner', 'Steve McQueen', 'Charles Bronson', 'Eli Wallach']"
David Mackenzie,"['Chris Pine', 'Ben Foster', 'Jeff Bridges', 'Gil Birmingham']"
Denis Villeneuve,"['Lubna Azabal', 'Mélissa Désormeaux-Poulin', 'Maxim Gaudette', 'Mustafa Kamel']"
Robert Zemeckis,"['Bob Hoskins', 'Christopher Lloyd', 'Joanna Cassidy', 'Charles Fleischer']"
Andrew Stanton,"['Ben Burtt', 'Elissa Knight', 'Jeff Garlin', 'Fred Willard']"
Martin Brest,"['Al Pacino', ""Chris O'Donnell"", 'James Rebhorn', 'Gabrielle Anwar']"
Oliver Hirschbiegel,"['Bruno Ganz', 'Alexandra Maria Lara', 'Ulrich Matthes', 'Juliane Köhler']"
Rajkumar Hirani,"['Aamir Khan', 'Madhavan', 'Mona Singh', 'Sharman Joshi']"
David Ayer,"['Jake Gyllenhaal', 'Michael Peña', 'Anna Kendrick', 'America Ferrera']"
Robert Stevenson,"['Julie Andrews', 'Dick Van Dyke', 'David Tomlinson', 'Glynis Johns']"
Hayao Miyazaki,"['Yôji Matsuda', 'Yuriko Ishida', 'Yûko Tanaka', 'Billy Crudup']"
David Cronenberg,"['Naomi Watts', 'Viggo Mortensen', 'Armin Mueller-Stahl', 'Josef Altin']"
Edward Zwick,"['Leonardo DiCaprio', 'Djimon Hounsou', 'Jennifer Connelly', 'Kagiso Kuypers']"
Terry Gilliam,"['Bruce Willis', 'Madeleine Stowe', 'Brad Pitt', 'Joseph Melito']"
"Directors:Danny Boyle, Loveleen Tandan","['Dev Patel', 'Freida Pinto', 'Saurabh Shukla', 'Anil Kapoor']"
Rob Reiner,"['Tom Cruise', 'Jack Nicholson', 'Demi Moore', 'Kevin Bacon']"
Henry Selick,"['Dakota Fanning', 'Teri Hatcher', 'John Hodgman', 'Jennifer Saunders']"
Alfonso Cuarón,"['Sandra Bullock', 'George Clooney', 'Ed Harris', 'Orto Ignatiussen']"
Rob Reiner,"['James Caan', 'Kathy Bates', 'Richard Farnsworth', 'Frances Sternhagen']"
Kar-Wai Wong,"['Tony Chiu-Wai Leung', 'Maggie Cheung', 'Ping Lam Siu', ""Tung Cho 'Joe' Cheung""]"
Alejandro Amenábar,"['Nicole Kidman', 'Christopher Eccleston', 'Fionnula Flanagan', 'Alakina Mann']"
Brian De Palma,"['Kevin Costner', 'Sean Connery', 'Robert De Niro', 'Charles Martin Smith']"
Alexander Mackendrick,"['Alec Guinness', 'Peter Sellers', 'Cecil Parker', 'Herbert Lom']"
Sean Baker,"['Brooklynn Prince', 'Bria Vinaite', 'Willem Dafoe', 'Christopher Rivera']"
Destin Daniel Cretton,"['Michael B. Jordan', 'Jamie Foxx', 'Brie Larson', 'Charlie Pye Jr.']"
Stanley Kubrick,"['Peter Sellers', 'George C. Scott', 'Sterling Hayden', 'Keenan Wynn']"
James Marsh,"['Eddie Redmayne', 'Felicity Jones', 'Tom Prior', 'Sophie Perry']"
Harold Ramis,"['Bill Murray', 'Andie MacDowell', 'Chris Elliott', 'Stephen Tobolowsky']"
Isao Takahata,"['Tsutomu Tatsumi', 'Ayano Shiraishi', 'Akemi Yamaguchi', 'Yoshiko Shinohara']"
Ruben Fleischer,"['Jesse Eisenberg', 'Emma Stone', 'Woody Harrelson', 'Abigail Breslin']"
Robert Mulligan,"['Gregory Peck', 'John Megna', 'Frank Overton', 'Rosemary Murphy']"
Spike Lee,"['Danny Aiello', 'Ossie Davis', 'Ruby Dee', 'Richard Edson']"
Edward Zwick,"['Tom Cruise', 'Ken Watanabe', 'Billy Connolly', 'William Atherton']"
Marc Webb,"['Zooey Deschanel', 'Joseph Gordon-Levitt', 'Geoffrey Arend', 'Chloë Grace Moretz']"
Tim Burton,"['Johnny Depp', 'Winona Ryder', 'Dianne Wiest', 'Anthony Michael Hall']"
Mel Stuart,"['Gene Wilder', 'Jack Albertson', 'Peter Ostrum', 'Roy Kinnear']"
Wes Anderson,"['George Clooney', 'Meryl Streep', 'Bill Murray', 'Jason Schwartzman']"
Brian G. Hutton,"['Richard Burton', 'Clint Eastwood', 'Mary Ure', 'Patrick Wymark']"
Paul Greengrass,"['Tom Hanks', 'Barkhad Abdi', 'Barkhad Abdirahman', 'Catherine Keener']"
David Lynch,"['Isabella Rossellini', 'Kyle MacLachlan', 'Dennis Hopper', 'Laura Dern']"
Jee-woon Kim,"['Lee Byung-Hun', 'Choi Min-sik', 'Jeon Gook-Hwan', 'Ho-jin Chun']"
Paul Greengrass,"['Matt Damon', 'Franka Potente', 'Joan Allen', 'Brian Cox']"
David Lynch,"['Anthony Hopkins', 'John Hurt', 'Anne Bancroft', 'John Gielgud']"
Mike Nichols,"['Dustin Hoffman', 'Anne Bancroft', 'Katharine Ross', 'William Daniels']"
Andrew Niccol,"['Ethan Hawke', 'Uma Thurman', 'Jude Law', 'Gore Vidal']"
Clint Eastwood,"['Hilary Swank', 'Clint Eastwood', 'Morgan Freeman', 'Jay Baruchel']"
Gabriele Muccino,"['Will Smith', 'Thandiwe Newton', 'Jaden Smith', 'Brian Howe']"
Paul Thomas Anderson,"['Tom Cruise', 'Jason Robards', 'Julianne Moore', 'Philip Seymour Hoffman']"
Tony Scott,"['Denzel Washington', 'Christopher Walken', 'Dakota Fanning', 'Radha Mitchell']"
"Directors:Pierre Coffin, Chris Renaud","['Steve Carell', 'Jason Segel', 'Russell Brand', 'Julie Andrews']"
Martin Scorsese,"['Robert De Niro', 'Cathy Moriarty', 'Joe Pesci', 'Frank Vincent']"
Andrew Davis,"['Harrison Ford', 'Tommy Lee Jones', 'Sela Ward', 'Julianne Moore']"
Richard Linklater,"['Ethan Hawke', 'Julie Delpy', 'Andrea Eckert', 'Hanno Pöschl']"
David Lean,"[""Peter O'Toole"", 'Alec Guinness', 'Anthony Quinn', 'Jack Hawkins']"
Garth Davis,"['Dev Patel', 'Nicole Kidman', 'Rooney Mara', 'Sunny Pawar']"
Wes Anderson,"['Gene Hackman', 'Gwyneth Paltrow', 'Anjelica Huston', 'Ben Stiller']"
Robert De Niro,"['Robert De Niro', 'Chazz Palminteri', 'Lillo Brancato', 'Francis Capra']"
Paul Greengrass,"['Matt Damon', 'Edgar Ramírez', 'Joan Allen', 'Julia Stiles']"
Alfred Hitchcock,"['James Stewart', 'Kim Novak', 'Barbara Bel Geddes', 'Tom Helmore']"
Jaco Van Dormael,"['Jared Leto', 'Sarah Polley', 'Diane Kruger', 'Linh Dan Pham']"
Joel Schumacher,"['Michael Douglas', 'Robert Duvall', 'Barbara Hershey', 'Rachel Ticotin']"
Ang Lee,"['Suraj Sharma', 'Irrfan Khan', 'Adil Hussain', 'Tabu']"
J.J. Abrams,"['Chris Pine', 'Zachary Quinto', 'Zoe Saldana', 'Benedict Cumberbatch']"
"Directors:Ron Clements, John Musker","['Jodi Benson', 'Samuel E. Wright', 'Rene Auberjonois', 'Christopher Daniel Barnes']"
"Directors:Terry Gilliam, Terry Jones","['Graham Chapman', 'John Cleese', 'Eric Idle', 'Terry Gilliam']"
Mel Brooks,"['Gene Wilder', 'Madeline Kahn', 'Marty Feldman', 'Peter Boyle']"
James L. Brooks,"['Jack Nicholson', 'Helen Hunt', 'Greg Kinnear', 'Cuba Gooding Jr.']"
Kar-Wai Wong,"['Brigitte Lin', 'Takeshi Kaneshiro', 'Tony Chiu-Wai Leung', 'Faye Wong']"
John Singleton,"['Cuba Gooding Jr.', 'Laurence Fishburne', 'Hudhail Al-Amir', 'Lloyd Avery II']"
George Roy Hill,"['Paul Newman', 'Robert Redford', 'Robert Shaw', 'Charles Durning']"
Billy Wilder,"['Marilyn Monroe', 'Tony Curtis', 'Jack Lemmon', 'George Raft']"
Ang Lee,"['Chow Yun-Fat', 'Michelle Yeoh', 'Ziyi Zhang', 'Chen Chang']"
"Directors:Ron Clements, John Musker","['Scott Weinger', 'Robin Williams', 'Linda Larkin', 'Jonathan Freeman']"
Neill Blomkamp,"['Sharlto Copley', 'David James', 'Jason Cope', 'Nathalie Boltt']"
Steven Spielberg,"['Tom Hanks', 'Mark Rylance', 'Alan Alda', 'Amy Ryan']"
Ryan Coogler,"['Michael B. Jordan', 'Sylvester Stallone', 'Tessa Thompson', 'Phylicia Rashad']"
Mehmet Ada Öztekin,"['Aras Bulut Iynemli', 'Nisa Sofiya Aksongur', 'Deniz Baysal', 'Celile Toyon Uysal']"
Martin McDonagh,"['Colin Farrell', 'Brendan Gleeson', 'Ciarán Hinds', 'Elizabeth Berrington']"
"Directors:Merian C. Cooper, Ernest B. Schoedsack","['Fay Wray', 'Robert Armstrong', 'Bruce Cabot', 'Frank Reicher']"
John Carpenter,"['Donald Pleasence', 'Jamie Lee Curtis', 'Tony Moran', 'Nancy Kyes']"
Frank Capra,"['James Stewart', 'Donna Reed', 'Lionel Barrymore', 'Thomas Mitchell']"
Stuart Rosenberg,"['Paul Newman', 'George Kennedy', 'Strother Martin', 'J.D. Cannon']"
Spike Jonze,"['John Cusack', 'Cameron Diaz', 'Catherine Keener', 'John Malkovich']"
Alfred Hitchcock,"['Laurence Olivier', 'Joan Fontaine', 'George Sanders', 'Judith Anderson']"
Mel Brooks,"['Cleavon Little', 'Gene Wilder', 'Slim Pickens', 'Harvey Korman']"
Sudha Kongara,"['Suriya', 'Madhavan', 'Aparna Balamurali', 'Paresh Rawal']"
Stanley Kramer,"['Spencer Tracy', 'Fredric March', 'Gene Kelly', 'Dick York']"
"Directors:Eric Bress, J. Mackye Gruber","['Ashton Kutcher', 'Amy Smart', 'Melora Walters', 'Elden Henson']"
Jon Avnet,"['Kathy Bates', 'Jessica Tandy', 'Mary Stuart Masterson', 'Mary-Louise Parker']"
Gareth Evans,"['Iko Uwais', 'Ananda George', 'Ray Sahetapy', 'Donny Alamsyah']"
Franklin J. Schaffner,"['Steve McQueen', 'Dustin Hoffman', 'Victor Jory', 'Don Gordon']"
Brad Anderson,"['Christian Bale', 'Jennifer Jason Leigh', 'Aitana Sánchez-Gijón', 'John Sharian']"
Roman Polanski,"['Mia Farrow', 'John Cassavetes', 'Ruth Gordon', 'Sidney Blackmer']"
Lee Unkrich,"['Tom Hanks', 'Tim Allen', 'Joan Cusack', 'Ned Beatty']"
Duncan Jones,"['Sam Rockwell', 'Kevin Spacey', 'Dominique McElligott', 'Rosie Shaw']"
Josh Boone,"['Shailene Woodley', 'Ansel Elgort', 'Nat Wolff', 'Laura Dern']"
Terry Jones,"['Graham Chapman', 'John Cleese', 'Michael Palin', 'Terry Gilliam']"
Juan José Campanella,"['Ricardo Darín', 'Soledad Villamil', 'Pablo Rago', 'Carla Quevedo']"
Terry Gilliam,"['Jonathan Pryce', 'Kim Greist', 'Robert De Niro', 'Katherine Helmond']"
Alfonso Cuarón,"['Maribel Verdú', 'Gael García Bernal', 'Daniel Giménez Cacho', 'Ana López Mercado']"
Richard Linklater,"['Ellar Coltrane', 'Patricia Arquette', 'Ethan Hawke', 'Elijah Smith']"
Sidney Lumet,"['Al Pacino', 'John Cazale', 'Penelope Allen', 'Sully Boyar']"
Aneesh Chaganty,"['John Cho', 'Debra Messing', 'Joseph Lee', 'Michelle La']"
James Mangold,"['Russell Crowe', 'Christian Bale', 'Ben Foster', 'Logan Lerman']"
David Zucker,"['Leslie Nielsen', 'Priscilla Presley', 'O.J. Simpson', 'Ricardo Montalban']"
"Directors:Gary Trousdale, Kirk Wise","[""Paige O'Hara"", 'Robby Benson', 'Jesse Corti', 'Rex Everhart']"
George Roy Hill,"['Paul Newman', 'Robert Redford', 'Katharine Ross', 'Strother Martin']"
Franklin J. Schaffner,"['Charlton Heston', 'Roddy McDowall', 'Kim Hunter', 'Maurice Evans']"
Wes Anderson,"['Bryan Cranston', 'Koyu Rankin', 'Edward Norton', 'Bob Balaban']"
John Huston,"['Humphrey Bogart', 'Mary Astor', 'Gladys George', 'Peter Lorre']"
David O. Russell,"['Mark Wahlberg', 'Christian Bale', 'Amy Adams', 'Melissa Leo']"
Naoko Yamada,"['Miyu Irino', 'Saori Hayami', 'Aoi Yûki', 'Kenshô Ono']"
John Schlesinger,"['Dustin Hoffman', 'Jon Voight', 'Sylvia Miles', 'John McGiver']"
George Miller,"['Mel Gibson', 'Bruce Spence', 'Michael Preston', 'Max Phipps']"
Jonathan Demme,"['Tom Hanks', 'Denzel Washington', 'Roberta Maxwell', 'Buzz Kilman']"
Troy Duffy,"['Willem Dafoe', 'Sean Patrick Flanery', 'Norman Reedus', 'David Della Rocco']"
Shane Meadows,"['Thomas Turgoose', 'Stephen Graham', 'Jo Hartley', 'Andrew Shim']"
Sam Mendes,"['Tom Hanks', 'Tyler Hoechlin', 'Rob Maxey', 'Liam Aiken']"
Hayao Miyazaki,"['Hitoshi Takagi', 'Noriko Hidaka', 'Chika Sakamoto', 'Shigesato Itoi']"
Nitesh Tiwari,"['Aamir Khan', 'Sakshi Tanwar', 'Fatima Sana Shaikh', 'Sanya Malhotra']"
Wim Wenders,"['Harry Dean Stanton', 'Nastassja Kinski', 'Dean Stockwell', 'Sam Berry']"
James Mangold,"['Joaquin Phoenix', 'Reese Witherspoon', 'Ginnifer Goodwin', 'Robert Patrick']"
Steven Spielberg,"['Danny Glover', 'Whoopi Goldberg', 'Oprah Winfrey', 'Margaret Avery']"
Mark Herman,"['Asa Butterfield', 'David Thewlis', 'Rupert Friend', ""Zac Mattoon O'Brien""]"
Stanley Kubrick,"[""Ryan O'Neal"", 'Marisa Berenson', 'Patrick Magee', 'Hardy Krüger']"
Rob Reiner,"['Rob Reiner', 'Michael McKean', 'Christopher Guest', 'Kimberly Stringer']"
John Ford,"['John Wayne', 'Claire Trevor', 'Andy Devine', 'John Carradine']"
Rob Reiner,"['Madeline Carroll', 'Callan McAuliffe', 'Rebecca De Mornay', 'Anthony Edwards']"
"Directors:Stanley Donen, Gene Kelly","['Gene Kelly', ""Donald O'Connor"", 'Debbie Reynolds', 'Jean Hagen']"
Andrei Tarkovsky,"['Alisa Freyndlikh', 'Aleksandr Kaydanovskiy', 'Anatoliy Solonitsyn', 'Nikolay Grinko']"
Ted Demme,"['Johnny Depp', 'Penélope Cruz', 'Franka Potente', 'Rachel Griffiths']"
Alex Proyas,"['Rufus Sewell', 'Kiefer Sutherland', 'Jennifer Connelly', 'William Hurt']"
Darren Aronofsky,"['Mickey Rourke', 'Marisa Tomei', 'Evan Rachel Wood', 'Mark Margolis']"
Penny Marshall,"['Robert De Niro', 'Robin Williams', 'Julie Kavner', 'Ruth Nelson']"
Fred Zinnemann,"['Gary Cooper', 'Grace Kelly', 'Thomas Mitchell', 'Lloyd Bridges']"
Rich Moore,"['John C. Reilly', 'Jack McBrayer', 'Jane Lynch', 'Sarah Silverman']"
James Ivory,"['Anthony Hopkins', 'Emma Thompson', 'John Haycraft', 'Christopher Reeve']"
John Sturges,"['Steve McQueen', 'James Garner', 'Richard Attenborough', 'Charles Bronson']"
Mike Newell,"['Al Pacino', 'Johnny Depp', 'Michael Madsen', 'Bruno Kirby']"
Woody Allen,"['Scarlett Johansson', 'Jonathan Rhys Meyers', 'Emily Mortimer', 'Matthew Goode']"
Billy Bob Thornton,"['Billy Bob Thornton', 'Dwight Yoakam', 'J.T. Walsh', 'John Ritter']"
Edward Zwick,"['Matthew Broderick', 'Denzel Washington', 'Cary Elwes', 'Morgan Freeman']"
Giuseppe Tornatore,"['Philippe Noiret', 'Enzo Cannavale', 'Antonella Attili', 'Isa Danieli']"
Spike Jonze,"['Nicolas Cage', 'Meryl Streep', 'Chris Cooper', 'Tilda Swinton']"
Jacques Audiard,"['Tahar Rahim', 'Niels Arestrup', 'Adel Bencherif', 'Reda Kateb']"
Billy Wilder,"['William Holden', 'Gloria Swanson', 'Erich von Stroheim', 'Nancy Olson']"
Francis Ford Coppola,"['Gene Hackman', 'John Cazale', 'Allen Garfield', 'Frederic Forrest']"
Wes Anderson,"['Jason Schwartzman', 'Bill Murray', 'Olivia Williams', 'Seymour Cassel']"
"Directors:Christopher Miller, Phil Lord","['Chris Pratt', 'Will Ferrell', 'Elizabeth Banks', 'Will Arnett']"
Kevin Smith,"[""Brian O'Halloran"", 'Jeff Anderson', 'Marilyn Ghigliotti', 'Lisa Spoonauer']"
Steven Spielberg,"['Richard Dreyfuss', 'François Truffaut', 'Teri Garr', 'Melinda Dillon']"
Alfred Hitchcock,"['Rod Taylor', 'Tippi Hedren', 'Jessica Tandy', 'Suzanne Pleshette']"
Steven Spielberg,"['Christian Bale', 'John Malkovich', 'Miranda Richardson', 'Nigel Havers']"
Katsuhiro Ôtomo,"['Mitsuo Iwata', 'Nozomu Sasaki', 'Mami Koyama', 'Tesshô Genda']"
John McTiernan,"['Bruce Willis', 'Jeremy Irons', 'Samuel L. Jackson', 'Graham Greene']"
Lasse Hallström,"['Richard Gere', 'Joan Allen', 'Cary-Hiroyuki Tagawa', 'Sarah Roemer']"
Satoshi Kon,"['Junko Iwao', 'Rica Matsumoto', 'Shinpachi Tsuji', 'Masaaki Ôkura']"
Philip Kaufman,"['Sam Shepard', 'Scott Glenn', 'Ed Harris', 'Dennis Quaid']"
Ingmar Bergman,"['Max von Sydow', 'Gunnar Björnstrand', 'Bengt Ekerot', 'Nils Poppe']"
Matt Reeves,"['Gary Oldman', 'Keri Russell', 'Andy Serkis', 'Kodi Smit-McPhee']"
"Directors:John Lasseter, Ash Brannon, Lee Unkrich","['Tom Hanks', 'Tim Allen', 'Joan Cusack', 'Kelsey Grammer']"
Damián Szifron,"['Darío Grandinetti', 'María Marull', 'Mónica Villa', 'Diego Starosta']"
Arthur Penn,"['Warren Beatty', 'Faye Dunaway', 'Michael J. Pollard', 'Gene Hackman']"
Alfred Hitchcock,"['Cary Grant', 'Eva Marie Saint', 'James Mason', 'Jessie Royce Landis']"
Neil Burger,"['Edward Norton', 'Jessica Biel', 'Paul Giamatti', 'Rufus Sewell']"
Robert Benton,"['Dustin Hoffman', 'Meryl Streep', 'Jane Alexander', 'Justin Henry']"
Alfonso Cuarón,"['Yalitza Aparicio', 'Marina de Tavira', 'Diego Cortina Autrey', 'Carlos Peralta']"
Oliver Stone,"['Kevin Costner', 'Gary Oldman', 'Jack Lemmon', 'Walter Matthau']"
"Directors:Joel Coen, Ethan Coen","['John Getz', 'Frances McDormand', 'Dan Hedaya', 'M. Emmet Walsh']"
Niels Arden Oplev,"['Michael Nyqvist', 'Noomi Rapace', 'Ewa Fröling', 'Lena Endre']"
Joseph Kosinski,"['Josh Brolin', 'Miles Teller', 'Jeff Bridges', 'Jennifer Connelly']"
Martin Scorsese,"['Griffin Dunne', 'Rosanna Arquette', 'Verna Bloom', 'Tommy Chong']"
Wolfgang Becker,"['Daniel Brühl', 'Katrin Saß', 'Chulpan Khamatova', 'Florian Lukas']"
Mike Nichols,"['Elizabeth Taylor', 'Richard Burton', 'George Segal', 'Sandy Dennis']"
Wolfgang Petersen,"['Jürgen Prochnow', 'Herbert Grönemeyer', 'Klaus Wennemann', 'Hubertus Bengsch']"
Alejandro G. Iñárritu,"['Emilio Echevarría', 'Gael García Bernal', 'Goya Toledo', 'Álvaro Guerrero']"
Billy Wilder,"['Jack Lemmon', 'Shirley MacLaine', 'Fred MacMurray', 'Ray Walston']"
George A. Romero,"['David Emge', 'Ken Foree', 'Scott H. Reiniger', 'Gaylen Ross']"
Stanley Kubrick,"['Kirk Douglas', 'Laurence Olivier', 'Jean Simmons', 'Charles Laughton']"
Guy Hamilton,"['Sean Connery', 'Gert Fröbe', 'Honor Blackman', 'Shirley Eaton']"
David Lynch,"['Bill Pullman', 'Patricia Arquette', 'John Roselius', 'Louis Eppolito']"
Wolfgang Reitherman,"['Phil Harris', 'Sebastian Cabot', 'Louis Prima', 'Bruce Reitherman']"
Mamoru Oshii,"['Atsuko Tanaka', 'Iemasa Kayumi', 'Akio Ôtsuka', 'Kôichi Yamadera']"
Akira Kurosawa,"['Tatsuya Nakadai', 'Akira Terao', 'Jinpachi Nezu', 'Daisuke Ryû']"
Richard Linklater,"['Ethan Hawke', 'Julie Delpy', 'Vernon Dobtcheff', 'Louise Lemoine Torrès']"
Rob Reiner,"['Billy Crystal', 'Meg Ryan', 'Carrie Fisher', 'Bruno Kirby']"
Tony Kaye,"['Adrien Brody', 'Christina Hendricks', 'Marcia Gay Harden', 'Lucy Liu']"
Fritz Lang,"['Brigitte Helm', 'Alfred Abel', 'Gustav Fröhlich', 'Rudolf Klein-Rogge']"
John Frankenheimer,"['Frank Sinatra', 'Laurence Harvey', 'Janet Leigh', 'Angela Lansbury']"
Jean-Jacques Annaud,"['Sean Connery', 'Christian Slater', 'Helmut Qualtinger', 'Elya Baskin']"
Don Siegel,"['Clint Eastwood', 'Andrew Robinson', 'Harry Guardino', 'Reni Santoni']"
Elia Kazan,"['Vivien Leigh', 'Marlon Brando', 'Kim Hunter', 'Karl Malden']"
Woody Allen,"['Woody Allen', 'Diane Keaton', 'Tony Roberts', 'Carol Kane']"
Charlie Kaufman,"['Philip Seymour Hoffman', 'Samantha Morton', 'Michelle Williams', 'Catherine Keener']"
Kinji Fukasaku,"['Tatsuya Fujiwara', 'Aki Maeda', 'Tarô Yamamoto', 'Takeshi Kitano']"
David Lean,"['Omar Sharif', 'Julie Christie', 'Geraldine Chaplin', 'Rod Steiger']"
Sergio Leone,"['Clint Eastwood', 'Gian Maria Volontè', 'Marianne Koch', 'Wolfgang Lukschy']"
Mathieu Kassovitz,"['Vincent Cassel', 'Hubert Koundé', 'Saïd Taghmaoui', 'Abdel Ahmed Ghili']"
William Wyler,"['Gregory Peck', 'Audrey Hepburn', 'Eddie Albert', 'Hartley Power']"
Pedro Almodóvar,"['Antonio Banderas', 'Elena Anaya', 'Jan Cornet', 'Marisa Paredes']"
Thomas Vinterberg,"['Ulrich Thomsen', 'Henning Moritzen', 'Thomas Bo Larsen', 'Paprika Steen']"
Alejandro Jodorowsky,"['Alejandro Jodorowsky', 'Horacio Salinas', 'Zamira Saunders', 'Juan Ferrara']"
Francis Lee,"[""Josh O'Connor"", 'Alec Secareanu', 'Gemma Jones', 'Ian Hart']"
Lars von Trier,"['Nicole Kidman', 'Paul Bettany', 'Lauren Bacall', 'Harriet Andersson']"
Carol Reed,"['Orson Welles', 'Joseph Cotten', 'Alida Valli', 'Trevor Howard']"
Sergio Leone,"['Clint Eastwood', 'Lee Van Cleef', 'Gian Maria Volontè', 'Mara Krupp']"
Richard Attenborough,"['Ben Kingsley', 'John Gielgud', 'Rohini Hattangadi', 'Roshan Seth']"
Ram Kumar,"['Vishnu Vishal', 'Amala Paul', 'Radha Ravi', 'Sangili Murugan']"
Taylor Hackford,"['Damian Chapa', 'Jesse Borrego', 'Benjamin Bratt', 'Enrique Castillo']"
Taylor Hackford,"['Jamie Foxx', 'Regina King', 'Kerry Washington', 'Clifton Powell']"
Andrei Tarkovsky,"['Natalya Bondarchuk', 'Donatas Banionis', 'Jüri Järvet', 'Vladislav Dvorzhetskiy']"
Federico Fellini,"['Marcello Mastroianni', 'Anouk Aimée', 'Claudia Cardinale', 'Sandra Milo']"
John Carney,"['Ferdia Walsh-Peelo', 'Aidan Gillen', 'Maria Doyle Kennedy', 'Jack Reynor']"
Robert Aldrich,"['Lee Marvin', 'Ernest Borgnine', 'Charles Bronson', 'John Cassavetes']"
Kar-Wai Wong,"['Leon Lai', 'Michelle Reis', 'Takeshi Kaneshiro', 'Charlie Yeung']"
Jean-Jacques Annaud,"['Jude Law', 'Ed Harris', 'Joseph Fiennes', 'Rachel Weisz']"
Stephen Chow,"['Stephen Chow', 'Wah Yuen', 'Qiu Yuen', 'Siu-Lung Leung']"
Kevin Macdonald,"['James McAvoy', 'Forest Whitaker', 'Gillian Anderson', 'Kerry Washington']"
Jessie Nelson,"['Sean Penn', 'Michelle Pfeiffer', 'Dakota Fanning', 'Dianne Wiest']"
Sidney Lumet,"['Faye Dunaway', 'William Holden', 'Peter Finch', 'Robert Duvall']"
Giuseppe Tornatore,"['Geoffrey Rush', 'Jim Sturgess', 'Sylvia Hoeks', 'Donald Sutherland']"
Michael Mann,"['Russell Crowe', 'Al Pacino', 'Christopher Plummer', 'Diane Venora']"
John Ford,"['John Wayne', 'Jeffrey Hunter', 'Vera Miles', 'Ward Bond']"
"Directors:Rahi Anil Barve, Anand Gandhi, Adesh Prasad","['Sohum Shah', 'Jyoti Malshe', 'Anita Date', 'Ronjini Chakraborty']"
Brad Bird,"['Eli Marienthal', 'Harry Connick Jr.', 'Jennifer Aniston', 'Vin Diesel']"
Norman Jewison,"['Topol', 'Norma Crane', 'Leonard Frey', 'Molly Picon']"
Hal Ashby,"['Peter Sellers', 'Shirley MacLaine', 'Melvyn Douglas', 'Jack Warden']"
Hayao Miyazaki,"['Cate Blanchett', 'Matt Damon', 'Liam Neeson', 'Tomoko Yamaguchi']"
Masaki Kobayashi,"['Tatsuya Nakadai', 'Akira Ishihama', 'Shima Iwashita', 'Tetsurô Tanba']"
Richard Linklater,"['Ethan Hawke', 'Julie Delpy', 'Seamus Davey-Fitzpatrick', 'Ariane Labed']"
Tim Burton,"['Johnny Depp', 'Martin Landau', 'Sarah Jessica Parker', 'Patricia Arquette']"
Asghar Farhadi,"['Payman Maadi', 'Leila Hatami', 'Sareh Bayat', 'Shahab Hosseini']"
George A. Romero,"['Duane Jones', ""Judith O'Dea"", 'Karl Hardman', 'Marilyn Eastman']"
Paolo Sorrentino,"['Toni Servillo', 'Carlo Verdone', 'Sabrina Ferilli', 'Carlo Buccirosso']"
Terry George,"['Don Cheadle', 'Sophie Okonedo', 'Joaquin Phoenix', 'Xolani Mali']"
"Directors:Dorota Kobiela, Hugh Welchman","['Douglas Booth', 'Jerome Flynn', 'Robert Gulaczyk', 'Helen McCrory']"
Stanley Donen,"['Cary Grant', 'Audrey Hepburn', 'Walter Matthau', 'James Coburn']"
David Lean,"['William Holden', 'Alec Guinness', 'Jack Hawkins', 'Sessue Hayakawa']"
Martin Scorsese,"['Robert De Niro', 'Jerry Lewis', 'Diahnne Abbott', 'Sandra Bernhard']"
Richard Schenkman,"['David Lee Smith', 'Tony Todd', 'John Billingsley', 'Ellen Crawford']"
Dean DeBlois,"['Jay Baruchel', 'Cate Blanchett', 'Gerard Butler', 'Craig Ferguson']"
Mike Leigh,"['David Thewlis', 'Lesley Sharp', 'Katrin Cartlidge', 'Greg Cruttwell']"
Bernardo Bertolucci,"['John Lone', 'Joan Chen', ""Peter O'Toole"", 'Ruocheng Ying']"
Frank Capra,"['Clark Gable', 'Claudette Colbert', 'Walter Connolly', 'Roscoe Karns']"
Robert Redford,"['Donald Sutherland', 'Mary Tyler Moore', 'Judd Hirsch', 'Timothy Hutton']"
William Friedkin,"['Gene Hackman', 'Roy Scheider', 'Fernando Rey', 'Tony Lo Bianco']"
Ericson Core,"['Willem Dafoe', 'Julianne Nicholson', 'Christopher Heyerdahl', 'Richard Dormer']"
Michael Haneke,"['Susanne Lothar', 'Ulrich Mühe', 'Arno Frisch', 'Frank Giering']"
Nicholas Meyer,"['William Shatner', 'Leonard Nimoy', 'DeForest Kelley', 'James Doohan']"
Terrence Malick,"['Richard Gere', 'Brooke Adams', 'Sam Shepard', 'Linda Manz']"
Stephen Daldry,"['Jamie Bell', 'Julie Walters', 'Jean Heywood', 'Jamie Draven']"
George Stevens,"['Elizabeth Taylor', 'Rock Hudson', 'James Dean', 'Carroll Baker']"
Michel Hazanavicius,"['Jean Dujardin', 'Bérénice Bejo', 'John Goodman', 'James Cromwell']"
Elia Kazan,"['Marlon Brando', 'Karl Malden', 'Lee J. Cobb', 'Rod Steiger']"
Hayao Miyazaki,"['Sumi Shimamoto', 'Mahito Tsujimura', 'Hisako Kyôda', 'Gorô Naya']"
Andrew Niccol,"['Nicolas Cage', 'Ethan Hawke', 'Jared Leto', 'Bridget Moynahan']"
Jonathan Levine,"['Joseph Gordon-Levitt', 'Seth Rogen', 'Anna Kendrick', 'Bryce Dallas Howard']"
Hayao Miyazaki,"['Kirsten Dunst', 'Minami Takayama', 'Rei Sakuma', 'Kappei Yamaguchi']"
Spike Lee,"['Denzel Washington', 'Angela Bassett', 'Delroy Lindo', 'Spike Lee']"
Alan J. Pakula,"['Dustin Hoffman', 'Robert Redford', 'Jack Warden', 'Martin Balsam']"
John Hughes,"['Steve Martin', 'John Candy', 'Laila Robins', 'Michael McKean']"
"Directors:Joel Coen, Ethan Coen","['Gabriel Byrne', 'Albert Finney', 'John Turturro', 'Marcia Gay Harden']"
Stephen Frears,"['Judi Dench', 'Steve Coogan', 'Sophie Kennedy Clark', 'Mare Winningham']"
